종목,코드,구간,단기,장기,CAGR,MDD,단순보유CAGR,매매횟수
삼성전자,005930,0,5,20,-0.05,-25.49,16.57,59
삼성전자,005930,0,5,40,17.82,-21.26,16.57,23
삼성전자,005930,0,5,60,21.27,-15.73,16.57,11
삼성전자,005930,0,5,90,20.76,-15.74,16.57,7
삼성전자,005930,0,5,120,20.0,-17.58,16.57,5
삼성전자,005930,0,5,150,16.53,-25.68,16.57,7
삼성전자,005930,0,10,20,1.41,-29.87,16.57,42
삼성전자,005930,0,10,40,25.01,-13.14,16.57,15
삼성전자,005930,0,10,60,24.46,-13.16,16.57,9
삼성전자,005930,0,10,90,19.38,-19.34,16.57,5
삼성전자,005930,0,10,120,18.66,-20.13,16.57,5
삼성전자,005930,0,10,150,16.86,-21.81,16.57,5
삼성전자,005930,0,15,20,11.9,-24.02,16.57,44
삼성전자,005930,0,15,40,19.96,-20.09,16.57,17
삼성전자,005930,0,15,60,26.9,-13.14,16.57,7
삼성전자,005930,0,15,90,19.5,-20.5,16.57,5
삼성전자,005930,0,15,120,16.66,-23.88,16.57,5
삼성전자,005930,0,15,150,15.46,-24.48,16.57,5
삼성전자,005930,0,20,40,30.51,-13.14,16.57,11
삼성전자,005930,0,20,60,24.07,-13.16,16.57,9
삼성전자,005930,0,20,90,18.85,-21.86,16.57,5
삼성전자,005930,0,20,120,16.55,-24.08,16.57,5
삼성전자,005930,0,20,150,12.12,-30.97,16.57,5
삼성전자,005930,0,25,40,29.73,-13.15,16.57,15
삼성전자,005930,0,25,60,24.63,-13.14,16.57,7
삼성전자,005930,0,25,90,16.66,-24.32,16.57,5
삼성전자,005930,0,25,120,12.5,-29.39,16.57,5
삼성전자,005930,0,25,150,13.77,-29.08,16.57,5
삼성전자,005930,0,30,40,21.75,-15.13,16.57,11
삼성전자,005930,0,30,60,19.12,-14.36,16.57,9
삼성전자,005930,0,30,90,16.4,-24.57,16.57,5
삼성전자,005930,0,30,120,13.29,-29.6,16.57,5
삼성전자,005930,0,30,150,13.73,-27.94,16.57,5
삼성전자,005930,1,5,20,0.57,-30.98,5.14,50
삼성전자,005930,1,5,40,-2.6,-32.23,5.14,39
삼성전자,005930,1,5,60,-2.12,-28.75,5.14,23
삼성전자,005930,1,5,90,-6.55,-27.69,5.14,17
삼성전자,005930,1,5,120,-9.27,-31.51,5.14,18
삼성전자,005930,1,5,150,-7.81,-29.59,5.14,16
삼성전자,005930,1,10,20,2.82,-28.52,5.14,44
삼성전자,005930,1,10,40,-4.76,-32.67,5.14,25
삼성전자,005930,1,10,60,1.98,-24.85,5.14,19
삼성전자,005930,1,10,90,-8.05,-31.7,5.14,13
삼성전자,005930,1,10,120,-7.03,-28.04,5.14,12
삼성전자,005930,1,10,150,-11.58,-34.86,5.14,14
삼성전자,005930,1,15,20,-0.59,-31.45,5.14,42
삼성전자,005930,1,15,40,-4.7,-25.7,5.14,25
삼성전자,005930,1,15,60,0.39,-24.38,5.14,13
삼성전자,005930,1,15,90,-9.61,-34.68,5.14,13
삼성전자,005930,1,15,120,-8.4,-28.45,5.14,12
삼성전자,005930,1,15,150,-9.1,-33.13,5.14,12
삼성전자,005930,1,20,40,-3.15,-29.13,5.14,21
삼성전자,005930,1,20,60,-4.73,-29.95,5.14,13
삼성전자,005930,1,20,90,-9.59,-36.67,5.14,13
삼성전자,005930,1,20,120,-11.18,-33.12,5.14,12
삼성전자,005930,1,20,150,-9.03,-32.34,5.14,10
삼성전자,005930,1,25,40,-6.06,-38.62,5.14,21
삼성전자,005930,1,25,60,-6.89,-32.27,5.14,13
삼성전자,005930,1,25,90,-12.01,-38.04,5.14,11
삼성전자,005930,1,25,120,-12.26,-35.82,5.14,10
삼성전자,005930,1,25,150,-6.12,-31.77,5.14,8
삼성전자,005930,1,30,40,-1.66,-31.54,5.14,23
삼성전자,005930,1,30,60,-4.29,-28.19,5.14,13
삼성전자,005930,1,30,90,-9.42,-35.81,5.14,11
삼성전자,005930,1,30,120,-9.01,-36.99,5.14,10
삼성전자,005930,1,30,150,-6.73,-31.8,5.14,8
삼성전자,005930,2,5,20,2.57,-33.09,10.94,48
삼성전자,005930,2,5,40,6.45,-30.33,10.94,29
삼성전자,005930,2,5,60,9.51,-25.51,10.94,17
삼성전자,005930,2,5,90,11.53,-20.87,10.94,15
삼성전자,005930,2,5,120,2.1,-25.26,10.94,11
삼성전자,005930,2,5,150,0.51,-21.43,10.94,9
삼성전자,005930,2,10,20,3.01,-32.11,10.94,40
삼성전자,005930,2,10,40,3.36,-32.73,10.94,27
삼성전자,005930,2,10,60,10.97,-25.81,10.94,13
삼성전자,005930,2,10,90,9.91,-24.31,10.94,11
삼성전자,005930,2,10,120,3.12,-24.46,10.94,7
삼성전자,005930,2,10,150,0.81,-20.68,10.94,7
삼성전자,005930,2,15,20,6.85,-21.43,10.94,43
삼성전자,005930,2,15,40,7.4,-25.79,10.94,21
삼성전자,005930,2,15,60,12.84,-21.98,10.94,11
삼성전자,005930,2,15,90,8.47,-27.05,10.94,9
삼성전자,005930,2,15,120,1.73,-27.5,10.94,7
삼성전자,005930,2,15,150,1.67,-18.65,10.94,7
삼성전자,005930,2,20,40,12.32,-25.41,10.94,17
삼성전자,005930,2,20,60,6.2,-33.72,10.94,13
삼성전자,005930,2,20,90,14.6,-19.87,10.94,7
삼성전자,005930,2,20,120,1.19,-28.7,10.94,7
삼성전자,005930,2,20,150,-0.68,-24.19,10.94,7
삼성전자,005930,2,25,40,8.46,-33.83,10.94,17
삼성전자,005930,2,25,60,5.58,-36.57,10.94,13
삼성전자,005930,2,25,90,14.21,-24.24,10.94,5
삼성전자,005930,2,25,120,1.99,-28.08,10.94,7
삼성전자,005930,2,25,150,-0.27,-23.29,10.94,7
삼성전자,005930,2,30,40,10.12,-26.89,10.94,23
삼성전자,005930,2,30,60,8.07,-32.56,10.94,13
삼성전자,005930,2,30,90,13.53,-25.69,10.94,5
삼성전자,005930,2,30,120,3.56,-28.26,10.94,5
삼성전자,005930,2,30,150,1.0,-22.25,10.94,7
삼성전자,005930,3,5,20,43.47,-29.22,53.58,47
삼성전자,005930,3,5,40,53.72,-27.64,53.58,28
삼성전자,005930,3,5,60,41.69,-39.87,53.58,22
삼성전자,005930,3,5,90,40.54,-40.0,53.58,20
삼성전자,005930,3,5,120,41.55,-42.6,53.58,17
삼성전자,005930,3,5,150,59.1,-42.88,53.58,11
삼성전자,005930,3,10,20,42.03,-42.98,53.58,47
삼성전자,005930,3,10,40,46.8,-30.0,53.58,20
삼성전자,005930,3,10,60,54.81,-29.76,53.58,12
삼성전자,005930,3,10,90,39.21,-42.78,53.58,18
삼성전자,005930,3,10,120,41.87,-43.01,53.58,12
삼성전자,005930,3,10,150,56.33,-42.88,53.58,7
삼성전자,005930,3,15,20,51.68,-28.75,53.58,50
삼성전자,005930,3,15,40,53.76,-28.8,53.58,16
삼성전자,005930,3,15,60,48.71,-32.78,53.58,10
삼성전자,005930,3,15,90,43.06,-39.41,53.58,14
삼성전자,005930,3,15,120,52.48,-42.86,53.58,10
삼성전자,005930,3,15,150,67.16,-42.88,53.58,5
삼성전자,005930,3,20,40,56.91,-29.73,53.58,18
삼성전자,005930,3,20,60,52.92,-32.67,53.58,10
삼성전자,005930,3,20,90,45.73,-42.97,53.58,10
삼성전자,005930,3,20,120,56.81,-42.87,53.58,6
삼성전자,005930,3,20,150,69.31,-42.87,53.58,5
삼성전자,005930,3,25,40,54.02,-32.8,53.58,22
삼성전자,005930,3,25,60,56.03,-32.68,53.58,12
삼성전자,005930,3,25,90,58.81,-42.88,53.58,8
삼성전자,005930,3,25,120,61.69,-42.89,53.58,6
삼성전자,005930,3,25,150,70.19,-42.87,53.58,5
삼성전자,005930,3,30,40,44.41,-29.66,53.58,28
삼성전자,005930,3,30,60,39.93,-42.57,53.58,12
삼성전자,005930,3,30,90,60.78,-42.89,53.58,6
삼성전자,005930,3,30,120,66.56,-42.88,53.58,5
삼성전자,005930,3,30,150,66.23,-42.89,53.58,5
SK하이닉스,000660,0,5,20,-12.54,-59.87,10.51,51
SK하이닉스,000660,0,5,40,-7.42,-54.05,10.51,33
SK하이닉스,000660,0,5,60,1.27,-38.65,10.51,23
SK하이닉스,000660,0,5,90,16.51,-26.79,10.51,13
SK하이닉스,000660,0,5,120,16.66,-26.02,10.51,11
SK하이닉스,000660,0,5,150,15.7,-25.39,10.51,11
SK하이닉스,000660,0,10,20,-7.08,-56.32,10.51,43
SK하이닉스,000660,0,10,40,2.77,-41.94,10.51,25
SK하이닉스,000660,0,10,60,13.0,-32.41,10.51,13
SK하이닉스,000660,0,10,90,16.64,-24.7,10.51,7
SK하이닉스,000660,0,10,120,18.34,-20.87,10.51,7
SK하이닉스,000660,0,10,150,13.87,-26.93,10.51,9
SK하이닉스,000660,0,15,20,-0.9,-53.87,10.51,59
SK하이닉스,000660,0,15,40,0.15,-44.31,10.51,23
SK하이닉스,000660,0,15,60,10.93,-35.45,10.51,13
SK하이닉스,000660,0,15,90,15.18,-25.9,10.51,7
SK하이닉스,000660,0,15,120,17.39,-23.69,10.51,5
SK하이닉스,000660,0,15,150,13.13,-26.51,10.51,5
SK하이닉스,000660,0,20,40,6.74,-36.3,10.51,17
SK하이닉스,000660,0,20,60,9.55,-37.74,10.51,11
SK하이닉스,000660,0,20,90,15.83,-23.19,10.51,7
SK하이닉스,000660,0,20,120,13.4,-26.76,10.51,5
SK하이닉스,000660,0,20,150,11.31,-30.09,10.51,5
SK하이닉스,000660,0,25,40,6.08,-34.63,10.51,17
SK하이닉스,000660,0,25,60,14.73,-26.61,10.51,9
SK하이닉스,000660,0,25,90,11.62,-27.2,10.51,7
SK하이닉스,000660,0,25,120,13.13,-27.28,10.51,5
SK하이닉스,000660,0,25,150,11.93,-28.85,10.51,5
SK하이닉스,000660,0,30,40,-1.19,-48.52,10.51,27
SK하이닉스,000660,0,30,60,9.15,-29.42,10.51,9
SK하이닉스,000660,0,30,90,8.72,-35.54,10.51,7
SK하이닉스,000660,0,30,120,11.37,-28.61,10.51,5
SK하이닉스,000660,0,30,150,11.15,-30.39,10.51,5
SK하이닉스,000660,1,5,20,-8.92,-43.5,12.57,52
SK하이닉스,000660,1,5,40,-4.04,-38.12,12.57,38
SK하이닉스,000660,1,5,60,6.17,-23.08,12.57,19
SK하이닉스,000660,1,5,90,-11.41,-40.03,12.57,21
SK하이닉스,000660,1,5,120,-9.43,-36.2,12.57,16
SK하이닉스,000660,1,5,150,-4.19,-31.57,12.57,10
SK하이닉스,000660,1,10,20,-3.56,-34.22,12.57,44
SK하이닉스,000660,1,10,40,-5.16,-36.23,12.57,30
SK하이닉스,000660,1,10,60,0.93,-33.25,12.57,15
SK하이닉스,000660,1,10,90,-3.31,-28.62,12.57,15
SK하이닉스,000660,1,10,120,-7.78,-34.59,12.57,10
SK하이닉스,000660,1,10,150,-7.93,-38.78,12.57,10
SK하이닉스,000660,1,15,20,0.43,-28.21,12.57,50
SK하이닉스,000660,1,15,40,-4.5,-35.17,12.57,29
SK하이닉스,000660,1,15,60,0.57,-25.96,12.57,11
SK하이닉스,000660,1,15,90,-3.61,-28.15,12.57,11
SK하이닉스,000660,1,15,120,-9.86,-37.9,12.57,10
SK하이닉스,000660,1,15,150,-12.36,-46.54,12.57,10
SK하이닉스,000660,1,20,40,-5.83,-39.68,12.57,25
SK하이닉스,000660,1,20,60,3.16,-26.74,12.57,9
SK하이닉스,000660,1,20,90,-14.86,-43.48,12.57,13
SK하이닉스,000660,1,20,120,-13.49,-37.9,12.57,8
SK하이닉스,000660,1,20,150,-12.81,-46.29,12.57,10
SK하이닉스,000660,1,25,40,-3.27,-42.82,12.57,27
SK하이닉스,000660,1,25,60,1.55,-26.64,12.57,9
SK하이닉스,000660,1,25,90,-12.35,-41.61,12.57,11
SK하이닉스,000660,1,25,120,-11.02,-40.55,12.57,8
SK하이닉스,000660,1,25,150,-5.85,-39.23,12.57,8
SK하이닉스,000660,1,30,40,2.39,-33.69,12.57,29
SK하이닉스,000660,1,30,60,-0.32,-26.24,12.57,9
SK하이닉스,000660,1,30,90,-8.85,-38.24,12.57,11
SK하이닉스,000660,1,30,120,-10.23,-42.55,12.57,8
SK하이닉스,000660,1,30,150,-5.77,-35.25,12.57,8
SK하이닉스,000660,2,5,20,10.08,-31.8,11.27,46
SK하이닉스,000660,2,5,40,6.45,-44.93,11.27,31
SK하이닉스,000660,2,5,60,21.54,-27.5,11.27,17
SK하이닉스,000660,2,5,90,19.27,-26.53,11.27,13
SK하이닉스,000660,2,5,120,3.26,-36.32,11.27,9
SK하이닉스,000660,2,5,150,-0.93,-37.4,11.27,13
SK하이닉스,000660,2,10,20,12.48,-37.29,11.27,37
SK하이닉스,000660,2,10,40,11.09,-39.62,11.27,23
SK하이닉스,000660,2,10,60,21.64,-33.81,11.27,13
SK하이닉스,000660,2,10,90,20.4,-29.25,11.27,9
SK하이닉스,000660,2,10,120,3.3,-37.49,11.27,7
SK하이닉스,000660,2,10,150,0.52,-37.69,11.27,11
SK하이닉스,000660,2,15,20,2.45,-45.94,11.27,41
SK하이닉스,000660,2,15,40,18.08,-33.76,11.27,17
SK하이닉스,000660,2,15,60,23.49,-29.38,11.27,9
SK하이닉스,000660,2,15,90,26.36,-20.37,11.27,9
SK하이닉스,000660,2,15,120,3.95,-35.07,11.27,7
SK하이닉스,000660,2,15,150,0.7,-37.22,11.27,9
SK하이닉스,000660,2,20,40,25.28,-20.85,11.27,17
SK하이닉스,000660,2,20,60,24.91,-27.0,11.27,7
SK하이닉스,000660,2,20,90,21.57,-23.87,11.27,7
SK하이닉스,000660,2,20,120,6.19,-30.64,11.27,7
SK하이닉스,000660,2,20,150,-0.04,-38.58,11.27,9
SK하이닉스,000660,2,25,40,26.91,-23.37,11.27,15
SK하이닉스,000660,2,25,60,28.35,-22.33,11.27,9
SK하이닉스,000660,2,25,90,16.94,-30.97,11.27,7
SK하이닉스,000660,2,25,120,4.83,-37.6,11.27,7
SK하이닉스,000660,2,25,150,2.65,-37.4,11.27,7
SK하이닉스,000660,2,30,40,28.72,-26.17,11.27,15
SK하이닉스,000660,2,30,60,20.55,-29.35,11.27,11
SK하이닉스,000660,2,30,90,18.62,-31.95,11.27,7
SK하이닉스,000660,2,30,120,4.78,-33.39,11.27,7
SK하이닉스,000660,2,30,150,7.05,-32.54,11.27,7
SK하이닉스,000660,3,5,20,84.91,-31.7,135.94,50
SK하이닉스,000660,3,5,40,92.87,-29.97,135.94,32
SK하이닉스,000660,3,5,60,97.54,-36.92,135.94,18
SK하이닉스,000660,3,5,90,80.62,-52.04,135.94,12
SK하이닉스,000660,3,5,120,85.42,-54.69,135.94,14
SK하이닉스,000660,3,5,150,73.29,-57.59,135.94,11
SK하이닉스,000660,3,10,20,92.39,-29.42,135.94,40
SK하이닉스,000660,3,10,40,74.67,-36.75,135.94,30
SK하이닉스,000660,3,10,60,100.24,-42.06,135.94,12
SK하이닉스,000660,3,10,90,92.64,-54.8,135.94,8
SK하이닉스,000660,3,10,120,81.49,-54.64,135.94,6
SK하이닉스,000660,3,10,150,81.5,-54.66,135.94,9
SK하이닉스,000660,3,15,20,104.22,-32.08,135.94,42
SK하이닉스,000660,3,15,40,69.57,-48.67,135.94,22
SK하이닉스,000660,3,15,60,90.6,-50.87,135.94,12
SK하이닉스,000660,3,15,90,91.37,-54.63,135.94,8
SK하이닉스,000660,3,15,120,96.22,-54.7,135.94,6
SK하이닉스,000660,3,15,150,86.02,-54.67,135.94,7
SK하이닉스,000660,3,20,40,97.08,-39.56,135.94,18
SK하이닉스,000660,3,20,60,83.74,-46.98,135.94,10
SK하이닉스,000660,3,20,90,85.69,-54.7,135.94,8
SK하이닉스,000660,3,20,120,110.55,-54.66,135.94,5
SK하이닉스,000660,3,20,150,83.09,-54.63,135.94,7
SK하이닉스,000660,3,25,40,79.18,-39.66,135.94,20
SK하이닉스,000660,3,25,60,70.4,-54.75,135.94,10
SK하이닉스,000660,3,25,90,84.07,-54.63,135.94,8
SK하이닉스,000660,3,25,120,111.65,-54.67,135.94,5
SK하이닉스,000660,3,25,150,88.88,-54.69,135.94,5
SK하이닉스,000660,3,30,40,57.71,-54.15,135.94,22
SK하이닉스,000660,3,30,60,77.5,-54.59,135.94,10
SK하이닉스,000660,3,30,90,102.32,-54.7,135.94,8
SK하이닉스,000660,3,30,120,104.66,-54.67,135.94,5
SK하이닉스,000660,3,30,150,84.58,-54.65,135.94,5
NAVER,035420,0,5,20,-9.86,-45.56,6.2,51
NAVER,035420,0,5,40,-5.11,-36.24,6.2,31
NAVER,035420,0,5,60,-11.62,-44.11,6.2,29
NAVER,035420,0,5,90,-0.23,-31.8,6.2,19
NAVER,035420,0,5,120,0.35,-26.95,6.2,15
NAVER,035420,0,5,150,-5.4,-38.51,6.2,21
NAVER,035420,0,10,20,-12.78,-51.33,6.2,51
NAVER,035420,0,10,40,-10.33,-46.93,6.2,27
NAVER,035420,0,10,60,-9.55,-44.29,6.2,23
NAVER,035420,0,10,90,-2.61,-27.63,6.2,15
NAVER,035420,0,10,120,1.12,-27.9,6.2,13
NAVER,035420,0,10,150,0.96,-25.19,6.2,11
NAVER,035420,0,15,20,-10.54,-52.64,6.2,53
NAVER,035420,0,15,40,-12.33,-46.54,6.2,29
NAVER,035420,0,15,60,-13.24,-48.94,6.2,21
NAVER,035420,0,15,90,4.35,-21.43,6.2,11
NAVER,035420,0,15,120,6.92,-21.46,6.2,9
NAVER,035420,0,15,150,4.85,-23.17,6.2,9
NAVER,035420,0,20,40,-10.54,-44.6,6.2,23
NAVER,035420,0,20,60,-0.07,-34.37,6.2,15
NAVER,035420,0,20,90,11.7,-18.91,6.2,9
NAVER,035420,0,20,120,7.65,-20.4,6.2,5
NAVER,035420,0,20,150,5.1,-25.67,6.2,7
NAVER,035420,0,25,40,-9.44,-44.65,6.2,27
NAVER,035420,0,25,60,-1.97,-35.28,6.2,15
NAVER,035420,0,25,90,8.1,-19.06,6.2,7
NAVER,035420,0,25,120,5.67,-26.06,6.2,5
NAVER,035420,0,25,150,8.3,-24.61,6.2,5
NAVER,035420,0,30,40,-7.97,-46.4,6.2,29
NAVER,035420,0,30,60,-9.54,-43.11,6.2,21
NAVER,035420,0,30,90,5.02,-18.98,6.2,7
NAVER,035420,0,30,120,8.93,-19.71,6.2,5
NAVER,035420,0,30,150,8.59,-23.73,6.2,3
NAVER,035420,1,5,20,25.54,-28.5,15.32,35
NAVER,035420,1,5,40,21.44,-28.21,15.32,29
NAVER,035420,1,5,60,26.16,-25.62,15.32,13
NAVER,035420,1,5,90,22.2,-25.33,15.32,13
NAVER,035420,1,5,120,14.89,-36.09,15.32,17
NAVER,035420,1,5,150,12.8,-22.98,15.32,11
NAVER,035420,1,10,20,26.69,-21.86,15.32,33
NAVER,035420,1,10,40,21.39,-24.28,15.32,19
NAVER,035420,1,10,60,28.26,-22.92,15.32,11
NAVER,035420,1,10,90,17.87,-24.73,15.32,9
NAVER,035420,1,10,120,7.94,-34.36,15.32,13
NAVER,035420,1,10,150,11.99,-24.54,15.32,7
NAVER,035420,1,15,20,40.75,-24.29,15.32,31
NAVER,035420,1,15,40,21.44,-21.1,15.32,19
NAVER,035420,1,15,60,23.19,-23.08,15.32,11
NAVER,035420,1,15,90,13.18,-28.57,15.32,9
NAVER,035420,1,15,120,3.87,-36.01,15.32,13
NAVER,035420,1,15,150,11.42,-24.8,15.32,7
NAVER,035420,1,20,40,27.17,-22.78,15.32,17
NAVER,035420,1,20,60,23.88,-19.58,15.32,9
NAVER,035420,1,20,90,9.03,-27.27,15.32,9
NAVER,035420,1,20,120,4.75,-30.98,15.32,11
NAVER,035420,1,20,150,11.46,-25.22,15.32,7
NAVER,035420,1,25,40,31.66,-20.9,15.32,17
NAVER,035420,1,25,60,21.26,-21.55,15.32,9
NAVER,035420,1,25,90,0.37,-33.37,15.32,9
NAVER,035420,1,25,120,6.31,-25.23,15.32,9
NAVER,035420,1,25,150,10.86,-25.15,15.32,5
NAVER,035420,1,30,40,26.29,-19.07,15.32,17
NAVER,035420,1,30,60,12.42,-23.84,15.32,9
NAVER,035420,1,30,90,1.39,-30.56,15.32,9
NAVER,035420,1,30,120,6.93,-25.24,15.32,9
NAVER,035420,1,30,150,10.77,-25.19,15.32,5
NAVER,035420,2,5,20,-1.76,-37.5,-9.59,39
NAVER,035420,2,5,40,-6.49,-38.98,-9.59,29
NAVER,035420,2,5,60,2.8,-31.19,-9.59,15
NAVER,035420,2,5,90,2.86,-20.98,-9.59,9
NAVER,035420,2,5,120,0.39,-27.29,-9.59,10
NAVER,035420,2,5,150,-4.9,-31.72,-9.59,11
NAVER,035420,2,10,20,-5.05,-38.06,-9.59,41
NAVER,035420,2,10,40,-5.18,-31.51,-9.59,22
NAVER,035420,2,10,60,-0.78,-34.02,-9.59,16
NAVER,035420,2,10,90,2.44,-20.99,-9.59,8
NAVER,035420,2,10,120,1.22,-27.65,-9.59,8
NAVER,035420,2,10,150,-6.85,-36.2,-9.59,8
NAVER,035420,2,15,20,-1.41,-28.63,-9.59,50
NAVER,035420,2,15,40,-7.65,-33.43,-9.59,22
NAVER,035420,2,15,60,-4.05,-35.96,-9.59,16
NAVER,035420,2,15,90,-1.22,-24.25,-9.59,8
NAVER,035420,2,15,120,3.74,-25.82,-9.59,8
NAVER,035420,2,15,150,-7.9,-38.83,-9.59,6
NAVER,035420,2,20,40,-5.77,-35.72,-9.59,20
NAVER,035420,2,20,60,-3.33,-34.25,-9.59,18
NAVER,035420,2,20,90,-0.32,-24.51,-9.59,8
NAVER,035420,2,20,120,-1.58,-32.29,-9.59,6
NAVER,035420,2,20,150,-6.78,-35.72,-9.59,6
NAVER,035420,2,25,40,-11.9,-45.69,-9.59,22
NAVER,035420,2,25,60,-8.77,-40.89,-9.59,16
NAVER,035420,2,25,90,0.48,-24.26,-9.59,8
NAVER,035420,2,25,120,-4.52,-32.82,-9.59,6
NAVER,035420,2,25,150,-5.18,-32.32,-9.59,6
NAVER,035420,2,30,40,-13.33,-46.59,-9.59,24
NAVER,035420,2,30,60,-8.12,-42.43,-9.59,16
NAVER,035420,2,30,90,-0.3,-24.08,-9.59,8
NAVER,035420,2,30,120,-4.98,-35.33,-9.59,6
NAVER,035420,2,30,150,-1.86,-27.27,-9.59,6
NAVER,035420,3,5,20,-2.29,-39.67,3.27,37
NAVER,035420,3,5,40,-10.09,-48.24,3.27,33
NAVER,035420,3,5,60,-12.36,-62.47,3.27,21
NAVER,035420,3,5,90,-10.5,-59.52,3.27,19
NAVER,035420,3,5,120,-18.18,-59.16,3.27,17
NAVER,035420,3,5,150,-14.77,-52.59,3.27,14
NAVER,035420,3,10,20,-11.13,-47.24,3.27,35
NAVER,035420,3,10,40,-1.87,-43.53,3.27,23
NAVER,035420,3,10,60,-14.89,-63.42,3.27,19
NAVER,035420,3,10,90,-11.89,-53.86,3.27,17
NAVER,035420,3,10,120,-15.65,-50.37,3.27,11
NAVER,035420,3,10,150,-15.63,-53.94,3.27,10
NAVER,035420,3,15,20,-6.4,-41.42,3.27,37
NAVER,035420,3,15,40,-3.15,-42.74,3.27,21
NAVER,035420,3,15,60,-14.16,-58.01,3.27,15
NAVER,035420,3,15,90,-8.64,-44.54,3.27,13
NAVER,035420,3,15,120,-17.84,-52.43,3.27,11
NAVER,035420,3,15,150,-12.16,-47.89,3.27,8
NAVER,035420,3,20,40,-6.95,-50.75,3.27,23
NAVER,035420,3,20,60,-20.34,-60.91,3.27,14
NAVER,035420,3,20,90,-19.38,-57.77,3.27,10
NAVER,035420,3,20,120,-19.9,-56.99,3.27,10
NAVER,035420,3,20,150,-11.45,-47.73,3.27,6
NAVER,035420,3,25,40,-7.09,-43.19,3.27,23
NAVER,035420,3,25,60,-21.41,-63.37,3.27,12
NAVER,035420,3,25,90,-23.93,-63.85,3.27,12
NAVER,035420,3,25,120,-11.85,-45.51,3.27,10
NAVER,035420,3,25,150,-9.0,-46.46,3.27,6
NAVER,035420,3,30,40,1.36,-41.55,3.27,22
NAVER,035420,3,30,60,-21.31,-62.98,3.27,12
NAVER,035420,3,30,90,-23.0,-61.96,3.27,12
NAVER,035420,3,30,120,-11.15,-41.09,3.27,6
NAVER,035420,3,30,150,-11.1,-49.7,3.27,8
현대차,005380,0,5,20,-12.95,-42.0,-11.4,60
현대차,005380,0,5,40,-16.03,-48.03,-11.4,41
현대차,005380,0,5,60,-11.2,-35.3,-11.4,27
현대차,005380,0,5,90,-9.09,-32.93,-11.4,19
현대차,005380,0,5,120,-11.96,-42.92,-11.4,21
현대차,005380,0,5,150,-9.61,-34.82,-11.4,21
현대차,005380,0,10,20,-14.53,-44.63,-11.4,46
현대차,005380,0,10,40,-12.87,-41.9,-11.4,29
현대차,005380,0,10,60,-13.58,-39.22,-11.4,25
현대차,005380,0,10,90,-9.97,-34.25,-11.4,17
현대차,005380,0,10,120,-15.73,-45.01,-11.4,19
현대차,005380,0,10,150,-10.09,-36.84,-11.4,13
현대차,005380,0,15,20,-16.02,-45.7,-11.4,53
현대차,005380,0,15,40,-7.53,-28.01,-11.4,27
현대차,005380,0,15,60,-14.61,-40.27,-11.4,23
현대차,005380,0,15,90,-12.56,-37.29,-11.4,15
현대차,005380,0,15,120,-12.92,-39.09,-11.4,15
현대차,005380,0,15,150,-7.17,-30.24,-11.4,9
현대차,005380,0,20,40,-7.09,-28.05,-11.4,21
현대차,005380,0,20,60,-8.46,-28.01,-11.4,21
현대차,005380,0,20,90,-9.04,-26.68,-11.4,13
현대차,005380,0,20,120,-9.1,-34.57,-11.4,13
현대차,005380,0,20,150,-3.21,-24.89,-11.4,7
현대차,005380,0,25,40,-6.7,-30.63,-11.4,23
현대차,005380,0,25,60,-9.08,-28.93,-11.4,17
현대차,005380,0,25,90,-11.17,-34.08,-11.4,13
현대차,005380,0,25,120,-4.0,-28.66,-11.4,9
현대차,005380,0,25,150,-0.23,-21.77,-11.4,5
현대차,005380,0,30,40,-3.54,-31.53,-11.4,23
현대차,005380,0,30,60,-6.72,-33.35,-11.4,17
현대차,005380,0,30,90,-7.44,-31.01,-11.4,15
현대차,005380,0,30,120,-3.77,-29.71,-11.4,9
현대차,005380,0,30,150,-1.34,-21.53,-11.4,5
현대차,005380,1,5,20,-3.02,-25.44,-15.32,44
현대차,005380,1,5,40,-9.06,-37.87,-15.32,28
현대차,005380,1,5,60,-12.52,-43.27,-15.32,27
현대차,005380,1,5,90,-8.47,-32.78,-15.32,19
현대차,005380,1,5,120,-11.92,-35.0,-15.32,18
현대차,005380,1,5,150,-10.99,-31.64,-15.32,18
현대차,005380,1,10,20,-1.74,-22.0,-15.32,44
현대차,005380,1,10,40,-15.09,-48.65,-15.32,30
현대차,005380,1,10,60,-11.42,-38.48,-15.32,19
현대차,005380,1,10,90,-9.27,-34.22,-15.32,13
현대차,005380,1,10,120,-10.03,-29.81,-15.32,10
현대차,005380,1,10,150,-12.62,-33.75,-15.32,10
현대차,005380,1,15,20,-9.54,-37.55,-15.32,48
현대차,005380,1,15,40,-10.09,-37.86,-15.32,24
현대차,005380,1,15,60,-12.4,-38.34,-15.32,17
현대차,005380,1,15,90,-8.72,-33.0,-15.32,13
현대차,005380,1,15,120,-5.46,-23.82,-15.32,8
현대차,005380,1,15,150,-10.53,-28.98,-15.32,8
현대차,005380,1,20,40,-15.3,-47.6,-15.32,23
현대차,005380,1,20,60,-17.83,-51.03,-15.32,17
현대차,005380,1,20,90,-7.93,-34.74,-15.32,9
현대차,005380,1,20,120,-10.98,-30.09,-15.32,8
현대차,005380,1,20,150,-11.05,-30.04,-15.32,8
현대차,005380,1,25,40,-15.51,-49.39,-15.32,23
현대차,005380,1,25,60,-19.24,-54.12,-15.32,17
현대차,005380,1,25,90,-13.68,-40.44,-15.32,9
현대차,005380,1,25,120,-13.17,-35.2,-15.32,8
현대차,005380,1,25,150,-12.9,-34.41,-15.32,8
현대차,005380,1,30,40,-17.59,-50.77,-15.32,25
현대차,005380,1,30,60,-21.43,-55.64,-15.32,17
현대차,005380,1,30,90,-12.44,-41.47,-15.32,9
현대차,005380,1,30,120,-10.89,-33.09,-15.32,6
현대차,005380,1,30,150,-10.08,-30.28,-15.32,6
현대차,005380,2,5,20,20.67,-24.66,27.8,35
현대차,005380,2,5,40,3.8,-37.56,27.8,29
현대차,005380,2,5,60,4.65,-41.25,27.8,25
현대차,005380,2,5,90,1.24,-45.55,27.8,19
현대차,005380,2,5,120,10.01,-23.25,27.8,11
현대차,005380,2,5,150,-0.2,-20.53,27.8,9
현대차,005380,2,10,20,17.73,-24.65,27.8,39
현대차,005380,2,10,40,3.74,-32.86,27.8,21
현대차,005380,2,10,60,10.38,-29.79,27.8,15
현대차,005380,2,10,90,6.09,-37.4,27.8,13
현대차,005380,2,10,120,7.56,-28.1,27.8,7
현대차,005380,2,10,150,1.49,-17.95,27.8,5
현대차,005380,2,15,20,18.36,-27.38,27.8,45
현대차,005380,2,15,40,6.68,-34.34,27.8,21
현대차,005380,2,15,60,5.27,-36.84,27.8,17
현대차,005380,2,15,90,4.29,-39.51,27.8,13
현대차,005380,2,15,120,5.91,-31.57,27.8,7
현대차,005380,2,15,150,-1.18,-24.28,27.8,5
현대차,005380,2,20,40,2.45,-39.0,27.8,21
현대차,005380,2,20,60,4.83,-39.95,27.8,19
현대차,005380,2,20,90,4.7,-38.67,27.8,11
현대차,005380,2,20,120,3.54,-36.04,27.8,9
현대차,005380,2,20,150,-1.23,-24.41,27.8,5
현대차,005380,2,25,40,1.0,-43.1,27.8,23
현대차,005380,2,25,60,3.5,-39.89,27.8,15
현대차,005380,2,25,90,0.08,-46.5,27.8,11
현대차,005380,2,25,120,2.79,-37.47,27.8,9
현대차,005380,2,25,150,-1.53,-24.89,27.8,5
현대차,005380,2,30,40,4.5,-34.19,27.8,20
현대차,005380,2,30,60,-1.04,-44.27,27.8,15
현대차,005380,2,30,90,1.76,-44.31,27.8,13
현대차,005380,2,30,120,6.3,-31.22,27.8,7
현대차,005380,2,30,150,-1.95,-25.6,27.8,5
현대차,005380,3,5,20,29.97,-41.27,29.7,49
현대차,005380,3,5,40,41.75,-30.22,29.7,28
현대차,005380,3,5,60,19.5,-39.4,29.7,26
현대차,005380,3,5,90,38.98,-33.81,29.7,8
현대차,005380,3,5,120,39.65,-35.95,29.7,6
현대차,005380,3,5,150,22.78,-36.02,29.7,8
현대차,005380,3,10,20,8.98,-47.47,29.7,43
현대차,005380,3,10,40,25.31,-37.39,29.7,22
현대차,005380,3,10,60,24.59,-39.38,29.7,14
현대차,005380,3,10,90,41.15,-35.84,29.7,6
현대차,005380,3,10,120,41.87,-35.82,29.7,6
현대차,005380,3,10,150,25.92,-38.44,29.7,6
현대차,005380,3,15,20,5.71,-42.46,29.7,46
현대차,005380,3,15,40,12.14,-36.89,29.7,22
현대차,005380,3,15,60,27.98,-36.22,29.7,16
현대차,005380,3,15,90,39.63,-35.77,29.7,6
현대차,005380,3,15,120,37.54,-35.83,29.7,6
현대차,005380,3,15,150,24.61,-40.54,29.7,6
현대차,005380,3,20,40,13.29,-39.76,29.7,20
현대차,005380,3,20,60,35.17,-35.5,29.7,14
현대차,005380,3,20,90,41.45,-35.86,29.7,4
현대차,005380,3,20,120,40.14,-38.38,29.7,4
현대차,005380,3,20,150,27.84,-43.32,29.7,4
현대차,005380,3,25,40,12.8,-39.02,29.7,24
현대차,005380,3,25,60,31.77,-42.9,29.7,12
현대차,005380,3,25,90,36.08,-40.7,29.7,4
현대차,005380,3,25,120,38.96,-40.48,29.7,4
현대차,005380,3,25,150,24.29,-46.89,29.7,4
현대차,005380,3,30,40,19.98,-42.89,29.7,22
현대차,005380,3,30,60,12.85,-55.27,29.7,10
현대차,005380,3,30,90,34.25,-43.33,29.7,4
현대차,005380,3,30,120,39.44,-43.31,29.7,4
현대차,005380,3,30,150,29.27,-46.74,29.7,4
LG화학,051910,0,5,20,-6.54,-33.52,2.88,50
LG화학,051910,0,5,40,1.88,-32.52,2.88,25
LG화학,051910,0,5,60,6.44,-26.49,2.88,15
LG화학,051910,0,5,90,9.22,-20.85,2.88,13
LG화학,051910,0,5,120,8.88,-26.39,2.88,11
LG화학,051910,0,5,150,10.5,-18.34,2.88,5
LG화학,051910,0,10,20,1.8,-23.77,2.88,39
LG화학,051910,0,10,40,1.35,-26.78,2.88,21
LG화학,051910,0,10,60,7.94,-31.04,2.88,11
LG화학,051910,0,10,90,6.12,-28.57,2.88,11
LG화학,051910,0,10,120,3.45,-25.02,2.88,9
LG화학,051910,0,10,150,4.7,-21.84,2.88,5
LG화학,051910,0,15,20,0.51,-25.61,2.88,45
LG화학,051910,0,15,40,5.4,-28.35,2.88,19
LG화학,051910,0,15,60,3.78,-33.45,2.88,11
LG화학,051910,0,15,90,0.98,-36.61,2.88,9
LG화학,051910,0,15,120,0.06,-30.92,2.88,7
LG화학,051910,0,15,150,0.82,-26.09,2.88,5
LG화학,051910,0,20,40,-2.08,-41.17,2.88,19
LG화학,051910,0,20,60,0.82,-33.91,2.88,11
LG화학,051910,0,20,90,2.95,-30.79,2.88,9
LG화학,051910,0,20,120,1.07,-26.02,2.88,7
LG화학,051910,0,20,150,1.49,-25.58,2.88,5
LG화학,051910,0,25,40,-4.92,-37.35,2.88,21
LG화학,051910,0,25,60,-3.06,-36.88,2.88,15
LG화학,051910,0,25,90,3.63,-28.16,2.88,7
LG화학,051910,0,25,120,0.78,-26.45,2.88,7
LG화학,051910,0,25,150,0.45,-27.06,2.88,5
LG화학,051910,0,30,40,-5.37,-37.56,2.88,21
LG화학,051910,0,30,60,-4.17,-38.22,2.88,15
LG화학,051910,0,30,90,-0.23,-30.49,2.88,7
LG화학,051910,0,30,120,-2.9,-32.96,2.88,7
LG화학,051910,0,30,150,1.09,-27.01,2.88,5
LG화학,051910,1,5,20,10.77,-41.2,18.89,47
LG화학,051910,1,5,40,-5.28,-54.86,18.89,35
LG화학,051910,1,5,60,-7.22,-53.03,18.89,31
LG화학,051910,1,5,90,-11.05,-56.32,18.89,29
LG화학,051910,1,5,120,-10.21,-53.79,18.89,19
LG화학,051910,1,5,150,-9.1,-51.57,18.89,19
LG화학,051910,1,10,20,18.71,-34.67,18.89,43
LG화학,051910,1,10,40,-1.61,-50.73,18.89,27
LG화학,051910,1,10,60,-11.1,-58.7,18.89,29
LG화학,051910,1,10,90,-12.53,-59.64,18.89,17
LG화학,051910,1,10,120,-12.13,-61.26,18.89,15
LG화학,051910,1,10,150,-10.14,-57.56,18.89,13
LG화학,051910,1,15,20,17.91,-35.38,18.89,43
LG화학,051910,1,15,40,-7.06,-55.54,18.89,25
LG화학,051910,1,15,60,-14.91,-63.53,18.89,21
LG화학,051910,1,15,90,-4.31,-48.89,18.89,11
LG화학,051910,1,15,120,-6.21,-58.47,18.89,17
LG화학,051910,1,15,150,-6.81,-57.85,18.89,13
LG화학,051910,1,20,40,-6.87,-55.15,18.89,23
LG화학,051910,1,20,60,-2.7,-52.44,18.89,17
LG화학,051910,1,20,90,1.66,-48.58,18.89,9
LG화학,051910,1,20,120,-4.65,-54.7,18.89,11
LG화학,051910,1,20,150,-4.49,-53.87,18.89,13
LG화학,051910,1,25,40,-8.93,-62.31,18.89,23
LG화학,051910,1,25,60,3.89,-49.95,18.89,15
LG화학,051910,1,25,90,0.02,-51.52,18.89,9
LG화학,051910,1,25,120,-4.68,-54.68,18.89,11
LG화학,051910,1,25,150,-4.53,-51.52,18.89,13
LG화학,051910,1,30,40,-2.74,-57.93,18.89,29
LG화학,051910,1,30,60,3.49,-48.34,18.89,15
LG화학,051910,1,30,90,-2.8,-49.41,18.89,9
LG화학,051910,1,30,120,-3.28,-55.77,18.89,9
LG화학,051910,1,30,150,4.79,-44.71,18.89,9
LG화학,051910,2,5,20,-2.78,-45.7,10.18,46
LG화학,051910,2,5,40,-15.91,-50.81,10.18,26
LG화학,051910,2,5,60,-22.9,-64.75,10.18,30
LG화학,051910,2,5,90,-13.73,-56.51,10.18,30
LG화학,051910,2,5,120,-17.16,-55.07,10.18,26
LG화학,051910,2,5,150,-13.96,-44.54,10.18,16
LG화학,051910,2,10,20,-0.25,-49.45,10.18,42
LG화학,051910,2,10,40,-22.25,-59.95,10.18,26
LG화학,051910,2,10,60,-8.28,-49.79,10.18,20
LG화학,051910,2,10,90,-15.33,-58.9,10.18,20
LG화학,051910,2,10,120,-4.43,-39.47,10.18,16
LG화학,051910,2,10,150,-10.01,-38.85,10.18,10
LG화학,051910,2,15,20,7.37,-41.68,10.18,46
LG화학,051910,2,15,40,-21.26,-60.26,10.18,26
LG화학,051910,2,15,60,-7.55,-52.0,10.18,20
LG화학,051910,2,15,90,-13.45,-56.09,10.18,18
LG화학,051910,2,15,120,-13.11,-52.72,10.18,16
LG화학,051910,2,15,150,-6.9,-31.66,10.18,10
LG화학,051910,2,20,40,-18.52,-54.49,10.18,26
LG화학,051910,2,20,60,-14.33,-56.96,10.18,18
LG화학,051910,2,20,90,-7.02,-45.87,10.18,16
LG화학,051910,2,20,120,-15.64,-52.27,10.18,16
LG화학,051910,2,20,150,-4.89,-31.17,10.18,4
LG화학,051910,2,25,40,-16.33,-54.83,10.18,26
LG화학,051910,2,25,60,-12.46,-50.66,10.18,18
LG화학,051910,2,25,90,-0.81,-33.65,10.18,12
LG화학,051910,2,25,120,-2.92,-34.21,10.18,8
LG화학,051910,2,25,150,-5.67,-34.59,10.18,3
LG화학,051910,2,30,40,-18.57,-56.61,10.18,24
LG화학,051910,2,30,60,-13.17,-51.86,10.18,18
LG화학,051910,2,30,90,3.75,-34.67,10.18,10
LG화학,051910,2,30,120,2.73,-24.32,10.18,8
LG화학,051910,2,30,150,-4.19,-30.6,10.18,3
LG화학,051910,3,5,20,-14.83,-48.55,-24.64,49
LG화학,051910,3,5,40,-5.22,-34.68,-24.64,27
LG화학,051910,3,5,60,-16.54,-46.13,-24.64,26
LG화학,051910,3,5,90,-16.52,-50.36,-24.64,18
LG화학,051910,3,5,120,-18.52,-62.06,-24.64,16
LG화학,051910,3,5,150,-3.12,-42.36,-24.64,10
LG화학,051910,3,10,20,-14.24,-52.87,-24.64,39
LG화학,051910,3,10,40,-11.64,-39.26,-24.64,20
LG화학,051910,3,10,60,-17.31,-45.21,-24.64,18
LG화학,051910,3,10,90,-7.74,-32.98,-24.64,10
LG화학,051910,3,10,120,-10.42,-52.02,-24.64,10
LG화학,051910,3,10,150,-1.4,-47.31,-24.64,6
LG화학,051910,3,15,20,-17.25,-53.53,-24.64,45
LG화학,051910,3,15,40,-1.77,-37.78,-24.64,20
LG화학,051910,3,15,60,-7.84,-45.53,-24.64,14
LG화학,051910,3,15,90,-6.82,-38.88,-24.64,10
LG화학,051910,3,15,120,-14.44,-60.27,-24.64,12
LG화학,051910,3,15,150,-6.95,-47.41,-24.64,6
LG화학,051910,3,20,40,-3.33,-46.48,-24.64,20
LG화학,051910,3,20,60,-9.66,-43.47,-24.64,18
LG화학,051910,3,20,90,-3.69,-37.12,-24.64,8
LG화학,051910,3,20,120,-6.29,-45.07,-24.64,6
LG화학,051910,3,20,150,-3.58,-41.41,-24.64,4
LG화학,051910,3,25,40,-2.86,-46.01,-24.64,22
LG화학,051910,3,25,60,-14.65,-49.42,-24.64,16
LG화학,051910,3,25,90,-9.4,-40.18,-24.64,8
LG화학,051910,3,25,120,-7.26,-48.95,-24.64,4
LG화학,051910,3,25,150,1.49,-37.59,-24.64,4
LG화학,051910,3,30,40,-8.96,-41.24,-24.64,20
LG화학,051910,3,30,60,-21.78,-54.67,-24.64,14
LG화학,051910,3,30,90,-7.68,-38.95,-24.64,6
LG화학,051910,3,30,120,-9.15,-52.8,-24.64,4
LG화학,051910,3,30,150,-5.58,-46.19,-24.64,4
